ticker,as_of,price,category,gross_margin,fcf_margin,roa,roe,roic,gross_margin_yoy,revenue_growth_yoy,fcf_yield,pe_ttm,ps_ttm,p_fcf,ev_ebit,debt_to_equity,net_debt_to_market_cap,revenue_ttm,net_income_ttm,fcf_ttm,market_cap,score_quality,score_value,score_greenblatt,score_armata_v1,fwd_3m,fwd_6m,fwd_12m
TSLA,2021-01-01,245.0366668701172,growth,,,,,,,,,,,,,,,,,,,,,,,-0.05916124214858176,-0.10274652598466272,0.5638339362351539
MSTR,2021-01-01,42.862998962402344,crypto_proxy,,,,,,,,,,,,,,,,,,,,,,,0.6437953920328421,0.4798078153637708,0.28565428872443355
MARA,2021-01-01,13.59000015258789,crypto_proxy,,,,,,,,,,,,,,,,,,,,,,,2.859455494778019,1.186902058841775,1.511405495578011
GOOG,2021-01-01,86.33717346191406,mega_tech,,,,,,,,,,,,,,,,,,,,,,,0.27791646555711336,0.4908323204952536,0.6590826788693847
META,2021-01-01,268.860107421875,mega_tech,,,,,,,,,,,,,,,,,,,,,,,0.13023586357696848,0.30191538986116706,0.24194563727978458
NVDA,2021-01-01,13.366435050964355,growth,,,,,,,,,,,,,,,,,,,,,,,0.034430760368195035,0.5450038503186743,1.1869548934435992
AAPL,2021-01-01,127.41275024414062,mega_tech,,,,,,,,,,,,,,,,,,,,,,,-0.03519876715573733,0.0875036316834652,0.3801069014320988
MSFT,2021-01-01,208.60757446289062,mega_tech,,,,,,,,,,,,,,,,,,,,,,,0.1401140461635486,0.28013826916023965,0.5225695335910117
AMZN,2021-01-01,160.92550659179688,mega_tech,,,,,,,,,,,,,,,,,,,,,,,0.0016497550731462418,0.14206260061476828,0.04099099466415779
PYPL,2021-01-01,233.66075134277344,fintech,,,,,,,,,,,,,,,,,,,,,,,0.07781702716305183,0.24575367733609532,-0.18632667743777243
SHOP,2021-01-01,111.8740005493164,growth,,,,,,,,,,,,,,,,,,,,,,,0.033430447158460774,0.37478764520103547,0.09217509349203246
PLTR,2021-01-01,23.549999237060547,growth,,,,,,,,,,,,,,,,,,,,,,,-0.020382146827459535,0.03779198835796471,-0.22675160618198031
ORCL,2021-01-01,58.36699295043945,enterprise,,,,,,,,,,,,,,,,,,,,,,,0.1843111332482863,0.33034843110613554,0.4327969890246479
TSLA,2021-04-01,230.5399932861328,growth,,,,,,,,,,,,,,,,,,,,,,,-0.04632598675634503,0.12863998807572008,0.5778317732687108
MSTR,2021-04-01,70.45800018310547,crypto_proxy,,,,,,,,,,,,,,,,,,,,,,,-0.09976155029019262,-0.07603114258677601,-0.3084106770808801
MARA,2021-04-01,52.45000076293945,crypto_proxy,,,,,,,,,,,,,,,,,,,,,,,-0.4333651309619372,-0.2909437924548708,-0.49933270072634894
GOOG,2021-04-01,110.33169555664062,mega_tech,,,,,,,,,,,,,,,,,,,,,,,0.16661171577073186,0.22420020861056567,0.26812459875934525
META,2021-04-01,303.8753356933594,mega_tech,,,,,,,,,,,,,,,,,,,,,,,0.15189707902284,0.08718070313024895,-0.24299617962021558
NVDA,2021-04-01,13.826651573181152,growth,,,,,,,,,,,,,,,,,,,,,,,0.4935787966791958,0.4759798997054481,0.8720275728973648
AAPL,2021-04-01,122.927978515625,mega_tech,,,,,,,,,,,,,,,,,,,,,,,0.12717894076220482,0.1216340243449523,0.3952973905341073
MSFT,2021-04-01,237.83642578125,mega_tech,,,,,,,,,,,,,,,,,,,,,,,0.12281597921529741,0.16993839934796307,0.26447297105867706
AMZN,2021-04-01,161.1909942626953,mega_tech,,,,,,,,,,,,,,,,,,,,,,,0.14018158026841254,-0.0008746841694377006,0.01776773216261973
PYPL,2021-04-01,251.84353637695312,fintech,,,,,,,,,,,,,,,,,,,,,,,0.15581183627714035,0.027489185279110595,-0.5353291990253997
SHOP,2021-04-01,115.61399841308594,growth,,,,,,,,,,,,,,,,,,,,,,,0.33031463218562673,0.14006954578527653,-0.39201134134516336
PLTR,2021-04-01,23.06999969482422,growth,,,,,,,,,,,,,,,,,,,,,,,0.05938451917451726,0.05461639555914344,-0.40052015142380637
ORCL,2021-04-01,69.12467956542969,enterprise,,,,,,,,,,,,,,,,,,,,,,,0.12330990882210435,0.24158312463922327,0.1336649628986204
TSLA,2021-07-01,219.86000061035156,growth,,,,,,,,,,,,,,,,,,,,,,,0.18346518034707393,0.7429120995617593,0.060068520887835763
COIN,2021-07-01,240.72000122070312,crypto_proxy,,,,,,,,,,,,,,,,,,,,,,,-0.039755763026291024,0.048396451634291626,-0.7962778303969631
MSTR,2021-07-01,63.42900085449219,crypto_proxy,,,,,,,,,,,,,,,,,,,,,,,0.02636013570745188,-0.13120185244569071,-0.7041101168832512
MARA,2021-07-01,29.719999313354492,crypto_proxy,,,,,,,,,,,,,,,,,,,,,,,0.251345877723419,0.14838498844712755,-0.7957604201917373
GOOG,2021-07-01,128.71424865722656,mega_tech,,,,,,,,,,,,,,,,,,,,,,,0.04936389036843103,0.11285666138378225,-0.12240011371103532
META,2021-07-01,350.0331115722656,mega_tech,,,,,,,,,,,,,,,,,,,,,,,-0.05618242903045667,-0.04606271117801097,-0.5232439558025211
NVDA,2021-07-01,20.651193618774414,growth,,,,,,,,,,,,,,,,,,,,,,,-0.0117830388412562,0.4155012578075552,-0.2765570477168878
AAPL,2021-07-01,138.56182861328125,mega_tech,,,,,,,,,,,,,,,,,,,,,,,-0.004919286740313722,0.2690595794109498,0.0024557340177966402
MSFT,2021-07-01,267.0465393066406,mega_tech,,,,,,,,,,,,,,,,,,,,,,,0.041968070462978346,0.1893789680936615,-0.0456086858689726
AMZN,2021-07-01,183.78700256347656,mega_tech,,,,,,,,,,,,,,,,,,,,,,,-0.12371386003678808,-0.08849918200298634,-0.3824372865496882
PYPL,2021-07-01,291.083740234375,fintech,,,,,,,,,,,,,,,,,,,,,,,-0.11102382496043295,-0.34684252804922333,-0.7457626843213712
SHOP,2021-07-01,153.80299377441406,growth,,,,,,,,,,,,,,,,,,,,,,,-0.14300758767705135,-0.20556814915781163,-0.7789379831587122
PLTR,2021-07-01,24.440000534057617,growth,,,,,,,,,,,,,,,,,,,,,,,-0.004500843205722305,-0.2549100373751356,-0.6207037538789844
ORCL,2021-07-01,77.6484375,enterprise,,,,,,,,,,,,,,,,,,,,,,,0.10528992479122645,0.07700881627930367,-0.12059510278322771
TSLA,2021-10-01,260.1966552734375,growth,,,,,,,,,,,,,,,,,,,,,,,0.47271937400863506,0.397993859812501,-0.04134047311533351
COIN,2021-10-01,231.14999389648438,crypto_proxy,,,,,,,,,,,,,,,,,,,,,,,0.09180186796892609,-0.19117451157020893,-0.7210036791406969
HOOD,2021-10-01,41.900001525878906,fintech,,,,,,,,,,,,,,,,,,,,,,,-0.5761336615247463,-0.6778043076761722,-0.7589498803423286
MSTR,2021-10-01,65.10099792480469,crypto_proxy,,,,,,,,,,,,,,,,,,,,,,,-0.15351530390893242,-0.25150147932981426,-0.6179167548545527
MARA,2021-10-01,37.189998626708984,crypto_proxy,,,,,,,,,,,,,,,,,,,,,,,-0.08228012023630815,-0.29389617643001154,-0.6536703256237605
GOOG,2021-10-01,135.06808471679688,mega_tech,,,,,,,,,,,,,,,,,,,,,,,0.060505961371568384,0.03588007079220534,-0.24796397848940022
META,2021-10-01,330.3674011230469,mega_tech,,,,,,,,,,,,,,,,,,,,,,,0.010722112157808494,-0.30370009493344363,-0.5786881116299796
NVDA,2021-10-01,20.407859802246094,growth,,,,,,,,,,,,,,,,,,,,,,,0.4323790356196626,0.2683286359597128,-0.3556523536028837
AAPL,2021-10-01,137.8802032470703,mega_tech,,,,,,,,,,,,,,,,,,,,,,,0.2753333096505943,0.24398632731293768,0.041164584300978024
MSFT,2021-10-01,278.25396728515625,mega_tech,,,,,,,,,,,,,,,,,,,,,,,0.14147352669375346,0.08080303353014195,-0.13088964408840442
AMZN,2021-10-01,161.0500030517578,mega_tech,,,,,,,,,,,,,,,,,,,,,,,0.04018627755002502,0.018658736833787604,-0.24812173832138917
PYPL,2021-10-01,258.7665100097656,fintech,,,,,,,,,,,,,,,,,,,,,,,-0.2652699922788082,-0.5477608838789135,-0.6433211573508588
SHOP,2021-10-01,131.80799865722656,growth,,,,,,,,,,,,,,,,,,,,,,,-0.07300013463501354,-0.4667091486633337,-0.7607884118729328
PLTR,2021-10-01,24.329999923706055,growth,,,,,,,,,,,,,,,,,,,,,,,-0.25154134231091163,-0.43156596929411717,-0.6658446305000021
ORCL,2021-10-01,85.82403564453125,enterprise,,,,,,,,,,,,,,,,,,,,,,,-0.02558704994733818,-0.08691980391724585,-0.2707477415138311
TSLA,2022-01-01,383.1966552734375,growth,,,,,,,,,,,,,,,,,,,,,,,-0.05073981881065148,-0.39178314204463827,-0.7178994206069356
COIN,2022-01-01,252.3699951171875,crypto_proxy,,,,,,,,,,,,,,,,,,,,,,,-0.2591829047385261,-0.8056821259882511,-0.8597693859239679
HOOD,2022-01-01,17.760000228881836,fintech,,,,,,,,,,,,,,,,,,,,,,,-0.2398648746610993,-0.539414403166886,-0.5416666532421973
MSTR,2022-01-01,55.106998443603516,crypto_proxy,,,,,,,,,,,,,,,,,,,,,,,-0.11575658233795183,-0.6594262039465819,-0.7368392352219502
MARA,2022-01-01,34.130001068115234,crypto_proxy,,,,,,,,,,,,,,,,,,,,,,,-0.23058894207259995,-0.822150601180846,-0.9003808968953194
GOOG,2022-01-01,143.24050903320312,mega_tech,,,,,,,,,,,,,,,,,,,,,,,-0.023220888402658457,-0.21139899077594348,-0.3788798507788623
META,2022-01-01,333.9096374511719,mega_tech,,,,,,,,,,,,,,,,,,,,,,,-0.3110867005966521,-0.5002228660269463,-0.6293346345504398
NVDA,2022-01-01,29.23179054260254,growth,,,,,,,,,,,,,,,,,,,,,,,-0.11453002004387747,-0.48891394600126314,-0.5108096260983955
AAPL,2022-01-01,175.8432159423828,mega_tech,,,,,,,,,,,,,,,,,,,,,,,-0.02457944295851955,-0.21007984945584723,-0.29996725980537586
MSFT,2022-01-01,317.6195373535156,mega_tech,,,,,,,,,,,,,,,,,,,,,,,-0.05315102956381479,-0.1975717246280827,-0.2649923513779193
AMZN,2022-01-01,167.52200317382812,mega_tech,,,,,,,,,,,,,,,,,,,,,,,-0.020695851484353045,-0.32247706062691084,-0.4877090885441857
PYPL,2022-01-01,190.12351989746094,fintech,,,,,,,,,,,,,,,,,,,,,,,-0.3844825835768806,-0.6107564766589875,-0.6098147783274953
SHOP,2022-01-01,122.18599700927734,growth,,,,,,,,,,,,,,,,,,,,,,,-0.42471312967592023,-0.7217357075916118,-0.7079861753514467
PLTR,2022-01-01,18.209999084472656,growth,,,,,,,,,,,,,,,,,,,,,,,-0.24052714887291504,-0.4909389937494265,-0.6474464360754326
ORCL,2022-01-01,83.6280517578125,enterprise,,,,,,,,,,,,,,,,,,,,,,,-0.06294328699817975,-0.1834747460519267,-0.04128061134376815
TSLA,2022-04-01,363.7533264160156,growth,,,,,,,,,,,,,,,,,,,,,,,-0.35927275787201596,-0.3142605597615129,-0.47057528317746367
COIN,2022-04-01,186.9600067138672,crypto_proxy,,,,,,,,,,,,,,,,,,,,,,,-0.7376979078173623,-0.6550599296753974,-0.6385858083636214
HOOD,2022-04-01,13.5,fintech,,,,,,,,,,,,,,,,,,,,,,,-0.39407405146846064,-0.25185182359483504,-0.28074073791503906
MSTR,2022-04-01,48.72800064086914,crypto_proxy,,,,,,,,,,,,,,,,,,,,,,,-0.6148415817966733,-0.48953373374293363,-0.386430792892269
MARA,2022-04-01,26.260000228881836,crypto_proxy,,,,,,,,,,,,,,,,,,,,,,,-0.768849957396979,-0.5095201827045317,-0.6759329720217525
GOOG,2022-04-01,139.91433715820312,mega_tech,,,,,,,,,,,,,,,,,,,,,,,-0.19265164471581975,-0.2740124627212216,-0.25480117294146876
META,2022-04-01,230.0347900390625,mega_tech,,,,,,,,,,,,,,,,,,,,,,,-0.2745427698871551,-0.3949275516133397,-0.0738440230412668
NVDA,2022-04-01,25.883872985839844,growth,,,,,,,,,,,,,,,,,,,,,,,-0.42280815209109335,-0.4919710648103799,0.05968356308974898
AAPL,2022-04-01,171.52108764648438,mega_tech,,,,,,,,,,,,,,,,,,,,,,,-0.19017479707415996,-0.1630417783208784,-0.04813605003057608
MSFT,2022-04-01,300.73773193359375,mega_tech,,,,,,,,,,,,,,,,,,,,,,,-0.152527699320133,-0.1958661023804783,-0.06717276667667216
AMZN,2022-04-01,164.05499267578125,mega_tech,,,,,,,,,,,,,,,,,,,,,,,-0.30815881827925906,-0.2618938664232031,-0.36637102441815605
PYPL,2022-04-01,117.02433776855469,fintech,,,,,,,,,,,,,,,,,,,,,,,-0.3676157441604567,-0.21130475022058703,-0.36030595723968284
SHOP,2022-04-01,70.29199981689453,growth,,,,,,,,,,,,,,,,,,,,,,,-0.516303418759354,-0.5514425429810101,-0.3229670477926887
PLTR,2022-04-01,13.829999923706055,growth,,,,,,,,,,,,,,,,,,,,,,,-0.32971796754142213,-0.41214749390524186,-0.3890094102762097
ORCL,2022-04-01,78.36422729492188,enterprise,,,,,,,,,,,,,,,,,,,,,,,-0.12862770991483496,-0.20132726389777555,0.15305418291411566
TSLA,2022-07-01,233.06666564941406,growth,,,,,,,,,,,,,,,,,,,,,,,0.07025173139354668,-0.5361842150488891,0.2006007231644722
COIN,2022-07-01,49.040000915527344,crypto_proxy,,,,,,,,,,,,,,,,,,,,,,,0.3150488715294928,-0.2783442347277151,0.4590130855626313
HOOD,2022-07-01,8.180000305175781,fintech,,,,,,,,,,,,,,,,,,,,,,,0.23471882697597124,-0.00488997070424535,0.2200487982771373
MSTR,2022-07-01,18.76799964904785,crypto_proxy,,,,,,,,,,,,,,,,,,,,,,,0.32534106001959184,-0.22730178355596742,1.0132140400293217
MARA,2022-07-01,6.070000171661377,crypto_proxy,,,,,,,,,,,,,,,,,,,,,,,1.121910996736533,-0.4398682044127782,1.5238878519884933
GOOG,2022-07-01,112.95960998535156,mega_tech,,,,,,,,,,,,,,,,,,,,,,,-0.10077535610605592,-0.21237718192589117,0.05859308778251182
META,2022-07-01,166.88040161132812,mega_tech,,,,,,,,,,,,,,,,,,,,,,,-0.16594332061100114,-0.25833868688049033,0.7005767932737137
NVDA,2022-07-01,14.939960479736328,growth,,,,,,,,,,,,,,,,,,,,,,,-0.11982655848285972,-0.04284147439716002,1.8366789474369583
AAPL,2022-07-01,138.902099609375,mega_tech,,,,,,,,,,,,,,,,,,,,,,,0.033504784310554925,-0.11379303374854777,0.36768303239516076
MSFT,2022-07-01,254.8668975830078,mega_tech,,,,,,,,,,,,,,,,,,,,,,,-0.05113843015940234,-0.08402075153519228,0.29829586461846236
AMZN,2022-07-01,113.5,mega_tech,,,,,,,,,,,,,,,,,,,,,,,0.0668722144307543,-0.24387665467115227,0.14731278608549014
PYPL,2022-07-01,74.00434875488281,fintech,,,,,,,,,,,,,,,,,,,,,,,0.24717723835858885,0.0024193037906172776,-0.08467759145508535
SHOP,2022-07-01,34.0,growth,,,,,,,,,,,,,,,,,,,,,,,-0.07264703862807331,0.049411773681640625,0.9073528962976791
PLTR,2022-07-01,9.270000457763672,growth,,,,,,,,,,,,,,,,,,,,,,,-0.1229773772414432,-0.30744339166486634,0.65372159295495
ORCL,2022-07-01,68.28441619873047,enterprise,,,,,,,,,,,,,,,,,,,,,,,-0.08343110609569082,0.17414542173756375,0.6560566692830028
TSLA,2022-10-01,249.44000244140625,growth,,,,,,,,,,,,,,,,,,,,,,,-0.566629259877778,-0.22795060958078706,-0.011666146703125269
COIN,2022-10-01,64.48999786376953,crypto_proxy,,,,,,,,,,,,,,,,,,,,,,,-0.4512327405498251,0.04775937250860163,0.16421157261713315
HOOD,2022-10-01,10.100000381469727,fintech,,,,,,,,,,,,,,,,,,,,,,,-0.1940594023880382,-0.03861389392007153,-0.02871286642573645
MSTR,2022-10-01,24.874000549316406,crypto_proxy,,,,,,,,,,,,,,,,,,,,,,,-0.4169816059025515,0.2019779712509795,0.2516281552072901
MARA,2022-10-01,12.880000114440918,crypto_proxy,,,,,,,,,,,,,,,,,,,,,,,-0.7360248396616559,-0.3392857023859406,-0.4332298038918353
GOOG,2022-10-01,101.57606506347656,mega_tech,,,,,,,,,,,,,,,,,,,,,,,-0.12410894939062378,0.026462285911632355,0.30163083686689074
META,2022-10-01,139.18771362304688,mega_tech,,,,,,,,,,,,,,,,,,,,,,,-0.11077828228313558,0.5306530307704418,1.1452810989402757
NVDA,2022-10-01,13.14975643157959,growth,,,,,,,,,,,,,,,,,,,,,,,0.08746581123034325,1.0858724566430955,2.3070260845272794
AAPL,2022-10-01,143.5559844970703,mega_tech,,,,,,,,,,,,,,,,,,,,,,,-0.14252262814377203,0.13728968222544768,0.1870137227714248
MSFT,2022-10-01,241.83340454101562,mega_tech,,,,,,,,,,,,,,,,,,,,,,,-0.034654498001551404,0.16003968503849575,0.27136638913976663
AMZN,2022-10-01,121.08999633789062,mega_tech,,,,,,,,,,,,,,,,,,,,,,,-0.2912709365738908,-0.14154760845661296,0.02997774376574669
PYPL,2022-10-01,92.29653930664062,fintech,,,,,,,,,,,,,,,,,,,,,,,-0.19624952014847374,-0.1889211416713481,-0.3824765496848438
SHOP,2022-10-01,31.530000686645508,growth,,,,,,,,,,,,,,,,,,,,,,,0.1316206637536801,0.5093561406975984,0.6295591484042424
PLTR,2022-10-01,8.130000114440918,growth,,,,,,,,,,,,,,,,,,,,,,,-0.21033210505244448,0.03936035551288852,0.968019652494222
ORCL,2022-10-01,62.587371826171875,enterprise,,,,,,,,,,,,,,,,,,,,,,,0.28102255001918697,0.44371296376208447,0.6176653438089235
TSLA,2023-01-01,108.0999984741211,growth,,,,,,,,,,,,,,,,,,,,,,,0.7814986544810907,1.5885292439778067,1.2980573698011337
COIN,2023-01-01,35.38999938964844,crypto_proxy,,,,,,,,,,,,,,,,,,,,,,,0.9092964357210025,1.0217576797327146,3.3509465493966113
HOOD,2023-01-01,8.140000343322754,fintech,,,,,,,,,,,,,,,,,,,,,,,0.1928746472488898,0.22604411809674274,0.46068794125741364
MSTR,2023-01-01,14.501999855041504,crypto_proxy,,,,,,,,,,,,,,,,,,,,,,,1.0616467394853326,1.6054337866782706,3.724520760895591
MARA,2023-01-01,3.4000000953674316,crypto_proxy,,,,,,,,,,,,,,,,,,,,,,,1.502941173583166,3.5058821367970037,5.744117547649004
GOOG,2023-01-01,88.96956634521484,mega_tech,,,,,,,,,,,,,,,,,,,,,,,0.17190635204857996,0.3440355757734115,0.5558530226896057
META,2023-01-01,123.76873779296875,mega_tech,,,,,,,,,,,,,,,,,,,,,,,0.7213401340449654,1.2929290812283298,1.7760940652235129
NVDA,2023-01-01,14.299910545349121,growth,,,,,,,,,,,,,,,,,,,,,,,0.9181039395465405,1.96364590771456,2.3663545464506655
AAPL,2023-01-01,123.09600830078125,mega_tech,,,,,,,,,,,,,,,,,,,,,,,0.32632034331529325,0.5432997984435779,0.4925856738752632
MSFT,2023-01-01,233.45278930664062,mega_tech,,,,,,,,,,,,,,,,,,,,,,,0.20168342074106427,0.41738567417812344,0.5617265383152799
AMZN,2023-01-01,85.81999969482422,mega_tech,,,,,,,,,,,,,,,,,,,,,,,0.21125608620237957,0.5173619399180289,0.7470285855154051
PYPL,2023-01-01,74.18338775634766,fintech,,,,,,,,,,,,,,,,,,,,,,,0.009117728276167858,-0.08688668994735871,-0.1759185220342957
SHOP,2023-01-01,35.68000030517578,growth,,,,,,,,,,,,,,,,,,,,,,,0.3338004412988873,0.8175447847379609,1.0692264910195313
PLTR,2023-01-01,6.420000076293945,growth,,,,,,,,,,,,,,,,,,,,,,,0.3161993315961209,1.3878504270292096,1.489096472326065
ORCL,2023-01-01,80.17583465576172,enterprise,,,,,,,,,,,,,,,,,,,,,,,0.12700042925900146,0.41043574213514433,0.261835144560177
TSLA,2023-04-01,192.5800018310547,growth,,,,,,,,,,,,,,,,,,,,,,,0.45300656695235375,0.28014329855272857,-0.13474917801178254
COIN,2023-04-01,67.56999969482422,crypto_proxy,,,,,,,,,,,,,,,,,,,,,,,0.058901929479192594,0.11114403093309067,2.565191578873679
HOOD,2023-04-01,9.710000038146973,fintech,,,,,,,,,,,,,,,,,,,,,,,0.027806333988530163,0.01029870041986225,0.8949536092938755
MSTR,2023-04-01,29.898000717163086,crypto_proxy,,,,,,,,,,,,,,,,,,,,,,,0.26376344539447527,0.041307066471972353,4.2807208448167335
MARA,2023-04-01,8.510000228881836,crypto_proxy,,,,,,,,,,,,,,,,,,,,,,,0.8002349333470202,-0.14218566458322646,1.3184487675188623
GOOG,2023-04-01,104.26399993896484,mega_tech,,,,,,,,,,,,,,,,,,,,,,,0.14687967466336938,0.2680746820725839,0.4827814332569569
META,2023-04-01,213.048095703125,mega_tech,,,,,,,,,,,,,,,,,,,,,,,0.33206043121773465,0.40154630462559227,1.3188233760578472
NVDA,2023-04-01,27.428714752197266,growth,,,,,,,,,,,,,,,,,,,,,,,0.5450914033444905,0.5854402190292358,2.2594142113936426
AAPL,2023-04-01,163.26473999023438,mega_tech,,,,,,,,,,,,,,,,,,,,,,,0.16359505923427142,0.04372152611872582,0.024821682216297658
MSFT,2023-04-01,280.5363464355469,mega_tech,,,,,,,,,,,,,,,,,,,,,,,0.17950006608565672,0.09596801345427819,0.47955592614288745
AMZN,2023-04-01,103.94999694824219,mega_tech,,,,,,,,,,,,,,,,,,,,,,,0.25271770123803905,0.1998076467746559,0.7382396127570232
PYPL,2023-04-01,74.85977172851562,fintech,,,,,,,,,,,,,,,,,,,,,,,-0.09513698504487356,-0.2386394442734524,-0.14084510630838498
SHOP,2023-04-01,47.59000015258789,growth,,,,,,,,,,,,,,,,,,,,,,,0.36268119912150554,0.07963859851597932,0.6415213804603015
PLTR,2023-04-01,8.449999809265137,growth,,,,,,,,,,,,,,,,,,,,,,,0.8142012153535474,0.8934911670005656,1.7171597162993777
ORCL,2023-04-01,90.35820007324219,enterprise,,,,,,,,,,,,,,,,,,,,,,,0.25149530161448164,0.12048958789810049,0.3430281599165106
TSLA,2023-07-01,279.82000732421875,growth,,,,,,,,,,,,,,,,,,,,,,,-0.11896936485442144,-0.11221502513539439,-0.17354017420604895
COIN,2023-07-01,71.55000305175781,crypto_proxy,,,,,,,,,,,,,,,,,,,,,,,0.049336109416282525,1.1520613439548435,2.126205215029491
HOOD,2023-07-01,9.979999542236328,fintech,,,,,,,,,,,,,,,,,,,,,,,-0.017033981003724108,0.1913828545786116,1.2725452249964357
MSTR,2023-07-01,37.784000396728516,crypto_proxy,,,,,,,,,,,,,,,,,,,,,,,-0.17602691368641765,0.8133336510228475,2.494044987460182
MARA,2023-07-01,15.319999694824219,crypto_proxy,,,,,,,,,,,,,,,,,,,,,,,-0.5234986725749655,0.49673634216341145,0.44386431330716825
GOOG,2023-07-01,119.57826232910156,mega_tech,,,,,,,,,,,,,,,,,,,,,,,0.10567369017572625,0.15759809541820058,0.5496214532657384
META,2023-07-01,283.7929382324219,mega_tech,,,,,,,,,,,,,,,,,,,,,,,0.05216420500107155,0.21071954992011777,0.7850045492539406
NVDA,2023-07-01,42.3798713684082,growth,,,,,,,,,,,,,,,,,,,,,,,0.026114193372253958,0.13588284541274964,1.893139455872019
AAPL,2023-07-01,189.9740447998047,mega_tech,,,,,,,,,,,,,,,,,,,,,,,-0.1030199743151462,-0.03286083793923911,0.15057550763087857
MSFT,2023-07-01,330.89263916015625,mega_tech,,,,,,,,,,,,,,,,,,,,,,,-0.070819879568631,0.10183598350593814,0.3694868155411619
AMZN,2023-07-01,130.22000122070312,mega_tech,,,,,,,,,,,,,,,,,,,,,,,-0.04223621523915,0.15135917117427056,0.5358623723327292
PYPL,2023-07-01,67.73783874511719,fintech,,,,,,,,,,,,,,,,,,,,,,,-0.15859025825659956,-0.09750359687759258,-0.13406745978559076
SHOP,2023-07-01,64.8499984741211,growth,,,,,,,,,,,,,,,,,,,,,,,-0.20771006511867796,0.13847345517698262,0.018658428881158873
PLTR,2023-07-01,15.329999923706055,growth,,,,,,,,,,,,,,,,,,,,,,,0.04370515848847911,0.04240049717972427,0.7762556867419361
ORCL,2023-07-01,113.0828628540039,enterprise,,,,,,,,,,,,,,,,,,,,,,,-0.10467934921319977,-0.10535793523639225,0.24059463782107104
TSLA,2023-10-01,246.52999877929688,growth,,,,,,,,,,,,,,,,,,,,,,,0.007666407329764535,-0.32409846384664087,0.04660686444354911
COIN,2023-10-01,75.08000183105469,crypto_proxy,,,,,,,,,,,,,,,,,,,,,,,1.0508789554111284,2.2085773577704284,1.2763718632651573
HOOD,2023-10-01,9.8100004196167,fintech,,,,,,,,,,,,,,,,,,,,,,,0.21202852545722162,0.8756369858798851,1.3333331713091616
MSTR,2023-10-01,31.132999420166016,crypto_proxy,,,,,,,,,,,,,,,,,,,,,,,1.200719515167199,4.071242686087033,4.225644989927498
MARA,2023-10-01,7.300000190734863,crypto_proxy,,,,,,,,,,,,,,,,,,,,,,,2.141095850145109,1.7027395927026934,1.0643834659005917
GOOG,2023-10-01,132.21453857421875,mega_tech,,,,,,,,,,,,,,,,,,,,,,,0.046961780590277113,0.16931711847873898,0.26656862260831504
META,2023-10-01,298.5967712402344,mega_tech,,,,,,,,,,,,,,,,,,,,,,,0.150694486816233,0.6544750383236859,0.9213320688739923
NVDA,2023-10-01,43.48658752441406,growth,,,,,,,,,,,,,,,,,,,,,,,0.10697508401062894,1.0558417607126054,1.689418046784894
AAPL,2023-10-01,170.40292358398438,mega_tech,,,,,,,,,,,,,,,,,,,,,,,0.07821705541585477,-0.018108128872948215,0.31883749364004177
MSFT,2023-10-01,307.4588623046875,mega_tech,,,,,,,,,,,,,,,,,,,,,,,0.18581527873671488,0.3499991860890308,0.35246077048385627
AMZN,2023-10-01,124.72000122070312,mega_tech,,,,,,,,,,,,,,,,,,,,,,,0.20213270693019636,0.44876523951967595,0.4843650021716124
PYPL,2023-10-01,56.995277404785156,fintech,,,,,,,,,,,,,,,,,,,,,,,0.07260037333586777,0.12844681436345828,0.3520069982069438
SHOP,2023-10-01,51.380001068115234,growth,,,,,,,,,,,,,,,,,,,,,,,0.43694044951803623,0.5204359891510546,0.526858608746229
PLTR,2023-10-01,16.0,growth,,,,,,,,,,,,,,,,,,,,,,,-0.0012500286102294922,0.434999942779541,1.5006248950958252
ORCL,2023-10-01,101.24542236328125,enterprise,,,,,,,,,,,,,,,,,,,,,,,-0.0007579251328516667,0.19860833551864143,0.6211476032445042
TSLA,2024-01-01,248.4199981689453,growth,,,,,,,,,,,,,,,,,,,,,,,-0.32924077726829837,-0.0690765791344995,0.5874727810092262
COIN,2024-01-01,153.97999572753906,crypto_proxy,,,,,,,,,,,,,,,,,,,,,,,0.5644888984329268,0.4526561818560726,0.7576958137821215
HOOD,2024-01-01,11.890000343322754,fintech,,,,,,,,,,,,,,,,,,,,,,,0.5475188466973795,0.9074852523374846,2.477712134578922
MSTR,2024-01-01,68.51499938964844,crypto_proxy,,,,,,,,,,,,,,,,,,,,,,,1.3043566665976276,0.9268627069757933,3.9832882685154933
MARA,2024-01-01,22.93000030517578,crypto_proxy,,,,,,,,,,,,,,,,,,,,,,,-0.1395551993175136,-0.0353248781143517,-0.16833844565977962
GOOG,2024-01-01,138.42356872558594,mega_tech,,,,,,,,,,,,,,,,,,,,,,,0.11686705298781597,0.33865238669549913,0.41456571609793813
META,2024-01-01,343.5936584472656,mega_tech,,,,,,,,,,,,,,,,,,,,,,,0.4378056532636425,0.4743336302545982,0.7911297902979133
NVDA,2024-01-01,48.13856887817383,growth,,,,,,,,,,,,,,,,,,,,,,,0.8571707623844453,1.5470403638508414,1.9102253963532028
AAPL,2024-01-01,183.73133850097656,mega_tech,,,,,,,,,,,,,,,,,,,,,,,-0.08933747041466678,0.18966902878718628,0.3111212283812903
MSFT,2024-01-01,364.58941650390625,mega_tech,,,,,,,,,,,,,,,,,,,,,,,0.13845656258302386,0.2429134971464484,0.14737898625463774
AMZN,2024-01-01,149.92999267578125,mega_tech,,,,,,,,,,,,,,,,,,,,,,,0.2051624842811972,0.3339559112264716,0.48142474128346846
PYPL,2024-01-01,61.133155822753906,fintech,,,,,,,,,,,,,,,,,,,,,,,0.052066400885078856,-0.040514136988797356,0.4313374338328022
SHOP,2024-01-01,73.83000183105469,growth,,,,,,,,,,,,,,,,,,,,,,,0.05810647174768002,-0.10524182689634831,0.4462954914133921
PLTR,2024-01-01,15.979999542236328,growth,,,,,,,,,,,,,,,,,,,,,,,0.43679597886017896,0.7040050264247764,3.9993743227897616
ORCL,2024-01-01,101.16868591308594,enterprise,,,,,,,,,,,,,,,,,,,,,,,0.19951747996400093,0.38669383732685825,0.5761238250904084
TSLA,2024-04-01,166.6300048828125,growth,,,,,,,,,,,,,,,,,,,,,,,0.3878652567373828,0.5484605500379844,0.611114346686124
COIN,2024-04-01,240.89999389648438,crypto_proxy,,,,,,,,,,,,,,,,,,,,,,,-0.07148194959316867,-0.2905354587283633,-0.3335408587816455
HOOD,2024-04-01,18.399999618530273,fintech,,,,,,,,,,,,,,,,,,,,,,,0.23260873779232072,0.2440217317502753,0.8755434259237087
MSTR,2024-04-01,157.88299560546875,crypto_proxy,,,,,,,,,,,,,,,,,,,,,,,-0.16381750494345226,0.03044664067528613,0.9382707291568007
MARA,2024-04-01,19.729999542236328,crypto_proxy,,,,,,,,,,,,,,,,,,,,,,,0.12113539546114827,-0.2361885431084969,-0.3998986098686008
GOOG,2024-04-01,154.60072326660156,mega_tech,,,,,,,,,,,,,,,,,,,,,,,0.1985780967523112,0.08316948635464994,0.024139074230108415
META,2024-04-01,494.0209045410156,mega_tech,,,,,,,,,,,,,,,,,,,,,,,0.025405364701440503,0.1612940808225709,0.1824956108128224
NVDA,2024-04-01,89.40154266357422,growth,,,,,,,,,,,,,,,,,,,,,,,0.3714626653828341,0.30818339143605855,0.23179142858288837
AAPL,2024-04-01,167.31724548339844,mega_tech,,,,,,,,,,,,,,,,,,,,,,,0.3063774890671056,0.3431596007880493,0.3281444206329729
MSFT,2024-04-01,415.0692138671875,mega_tech,,,,,,,,,,,,,,,,,,,,,,,0.09175311381790796,0.0018233969473393508,-0.08620939890543244
AMZN,2024-04-01,180.69000244140625,mega_tech,,,,,,,,,,,,,,,,,,,,,,,0.10686810170836947,0.024572485369499297,0.06353420539280674
PYPL,2024-04-01,64.3161392211914,fintech,,,,,,,,,,,,,,,,,,,,,,,-0.08799875919998057,0.19811317733179368,0.022270343752613497
SHOP,2024-04-01,78.12000274658203,growth,,,,,,,,,,,,,,,,,,,,,,,-0.1543779411671352,0.004224195981285872,0.2498719400508529
PLTR,2024-04-01,22.959999084472656,growth,,,,,,,,,,,,,,,,,,,,,,,0.18597563710929665,0.742595815197183,2.2234322773245148
ORCL,2024-04-01,121.35360717773438,enterprise,,,,,,,,,,,,,,,,,,,,,,,0.15604304271453784,0.3525248867412798,0.15387657282821765
TSLA,2024-07-01,231.25999450683594,growth,,,,,,,,,,,,,,,,,,,,,,,0.11571389406932164,0.7052667764372251,0.3003113318252253
COIN,2024-07-01,223.67999267578125,crypto_proxy,,,,,,,,,,,,,,,,,,,,,,,-0.2359173405828956,0.2099874944505431,0.5906652335628972
HOOD,2024-07-01,22.68000030517578,fintech,,,,,,,,,,,,,,,,,,,,,,,0.009259218767502908,0.8231921480479278,3.1622575068632592
MSTR,2024-07-01,132.0189971923828,crypto_proxy,,,,,,,,,,,,,,,,,,,,,,,0.23232266492926423,1.5862186498677704,1.8276232643168968
MARA,2024-07-01,22.1200008392334,crypto_proxy,,,,,,,,,,,,,,,,,,,,,,,-0.3187161336768515,-0.13788431413616897,-0.29023511692555415
GOOG,2024-07-01,185.30104064941406,mega_tech,,,,,,,,,,,,,,,,,,,,,,,-0.09628793543814507,0.05670876932422564,-0.04742879319796156
META,2024-07-01,506.5716857910156,mega_tech,,,,,,,,,,,,,,,,,,,,,,,0.132521947708647,0.21487413265382038,0.41645273749120526
NVDA,2024-07-01,122.61087799072266,growth,,,,,,,,,,,,,,,,,,,,,,,-0.046139990204627,0.14259099999234648,0.2500892143061728
AAPL,2024-07-01,218.57948303222656,mega_tech,,,,,,,,,,,,,,,,,,,,,,,0.02815580644091642,0.10208906566048803,-0.052109048452598894
MSFT,2024-07-01,453.1531066894531,mega_tech,,,,,,,,,,,,,,,,,,,,,,,-0.08237184371847628,-0.07686336266453297,0.0795647710698979
AMZN,2024-07-01,200.0,mega_tech,,,,,,,,,,,,,,,,,,,,,,,-0.07434997558593748,0.11055000305175788,0.10230003356933604
PYPL,2024-07-01,58.65639877319336,fintech,,,,,,,,,,,,,,,,,,,,,,,0.31371880183056877,0.49177542787422013,0.27675077617206556
SHOP,2024-07-01,66.05999755859375,growth,,,,,,,,,,,,,,,,,,,,,,,0.1875567642681002,0.6164093661157857,0.7055707286245285
PLTR,2024-07-01,27.229999542236328,growth,,,,,,,,,,,,,,,,,,,,,,,0.46933525501805007,1.9338964646595542,3.9342637851295725
ORCL,2024-07-01,140.2899932861328,enterprise,,,,,,,,,,,,,,,,,,,,,,,0.16996066475637228,0.13660548757375013,0.5452635918140492
TSLA,2024-10-01,258.0199890136719,growth,,,,,,,,,,,,,,,,,,,,,,,0.5284086587983936,0.0404619908764241,0.6785133508200492
COIN,2024-10-01,170.91000366210938,crypto_proxy,,,,,,,,,,,,,,,,,,,,,,,0.5835819325799201,-0.060616701119692085,1.2235093374930517
HOOD,2024-10-01,22.889999389648438,fintech,,,,,,,,,,,,,,,,,,,,,,,0.8064656870554936,0.5076452268120062,5.494976065232159
MSTR,2024-10-01,162.69000244140625,crypto_proxy,,,,,,,,,,,,,,,,,,,,,,,1.0986538051024324,0.8810005803760852,1.018562843250061
MARA,2024-10-01,15.069999694824219,crypto_proxy,,,,,,,,,,,,,,,,,,,,,,,0.26542800802934297,-0.2143330861078696,0.3437292906485492
GOOG,2024-10-01,167.4587860107422,mega_tech,,,,,,,,,,,,,,,,,,,,,,,0.16929806601237285,-0.05449785363064952,0.4737655995733412
META,2024-10-01,573.7035522460938,mega_tech,,,,,,,,,,,,,,,,,,,,,,,0.07271575187729562,0.018256813963293483,0.24086630021685052
NVDA,2024-10-01,116.95361328125,growth,,,,,,,,,,,,,,,,,,,,,,,0.1978602606869544,-0.058395453843295586,0.581992027838895
AAPL,2024-10-01,224.7337646484375,mega_tech,,,,,,,,,,,,,,,,,,,,,,,0.07190861419681172,-0.011178999239008447,0.1390904982512402
MSFT,2024-10-01,415.8260498046875,mega_tech,,,,,,,,,,,,,,,,,,,,,,,0.00600295557218411,-0.08787256927819509,0.25487597487939784
AMZN,2024-10-01,185.1300048828125,mega_tech,,,,,,,,,,,,,,,,,,,,,,,0.19975149760811295,0.03802729487631762,0.19796895657018898
PYPL,2024-10-01,77.05801391601562,fintech,,,,,,,,,,,,,,,,,,,,,,,0.13553633075475724,-0.14676646322410325,-0.036917478832983464
SHOP,2024-10-01,78.44999694824219,growth,,,,,,,,,,,,,,,,,,,,,,,0.3611217709765566,0.2446144447152363,1.0558318043747308
PLTR,2024-10-01,40.0099983215332,growth,,,,,,,,,,,,,,,,,,,,,,,0.9967508808080103,0.8497876841049157,3.3256689473809162
ORCL,2024-10-01,164.13377380371094,enterprise,,,,,,,,,,,,,,,,,,,,,,,-0.028509656937541372,-0.14687220609424612,0.7181992458447413
TSLA,2025-01-01,394.3599853515625,growth,,,,,,,,,,,,,,,,,,,,,,,-0.3192514417613834,-0.2374733679254949,0.09788012865733475
COIN,2025-01-01,270.6499938964844,crypto_proxy,,,,,,,,,,,,,0.4567685286978237,-0.06721463922829793,,,,68647664451.9043,,,,,-0.40679842352716455,0.31461295332248085,-0.12606686084108099
HOOD,2025-01-01,41.349998474121094,fintech,,,,,,,,,,,,,,,,,,,,,,,-0.16541718029007202,1.2829505443623939,1.7862153164667434
MSTR,2025-01-01,341.42999267578125,crypto_proxy,,,,,,,,,,,,,0.39759102366738225,0.0859186334653154,,,,83916150772.00452,,,,,-0.10371087608502627,0.09334269338034096,-0.5373282821971941
MARA,2025-01-01,19.06999969482422,crypto_proxy,,,,,,,,,,,,,0.5990920876631405,0.3208486792999043,,,,6488728594.871361,,,,,-0.37912950487349084,-0.17671735393229882,-0.4593602210484077
GOOG,2025-01-01,195.80923461914062,mega_tech,,,,,,,,,,,,,,,,,,,,,,,-0.1913933890323002,-0.09854897162326381,0.6052795102206467
META,2025-01-01,615.4208374023438,mega_tech,,,,,,,,,,,,,,,,,,,,,,,-0.050767351759957724,0.16592550571230635,0.07252603501617316
NVDA,2025-01-01,140.09408569335938,growth,,,,,,,,,,,,,,,,,,,,,,,-0.21392788703357712,0.0940828470682391,0.33645808622527373
AAPL,2025-01-01,240.89405822753906,mega_tech,,,,,,,,,,,,,1.4499985020521886,0.01835731311661948,,,,3622534494974.3955,,,,,-0.07751370997058193,-0.1399143852504109,0.0880912443618207
MSFT,2025-01-01,418.3222351074219,mega_tech,,,,,,,,,,,,,,,,,,,,,,,-0.09331535690865411,0.1694528495650911,0.14127406706200496
AMZN,2025-01-01,222.11000061035156,mega_tech,,,,,,,,,,,,,,,,,,,,,,,-0.13479808364833656,-0.0074287240194058635,0.08473275410253
PYPL,2025-01-01,87.5021743774414,fintech,,,,,,,,,,,,,0.4838614879757065,0.027642707277738043,,,,116377891921.99707,,,,,-0.24860745212019963,-0.14414009487243318,-0.31853735498516234
SHOP,2025-01-01,106.77999877929688,growth,,,,,,,,,,,,,0.09742169925592663,-0.0026259579853295445,,,,138235265768.90198,,,,,-0.0855965489242968,0.055160137263369435,0.5775426004303557
PLTR,2025-01-01,79.88999938964844,growth,,,,,,,,,,,,,0.047812482823750446,-0.009950983986588943,,,,186846346301.6127,,,,,-0.07360116783503012,0.6818125126655208,1.101139089908438
ORCL,2025-01-01,159.45437622070312,enterprise,,,,,,,,,,,,,,,,,,,,,,,-0.12183605323711899,0.3595426106138544,0.20765976886894366
TSLA,2025-04-01,268.4599914550781,growth,,,,,,,,,,,,,0.17585361606365452,-0.0037295770986135353,,,,864441172485.3516,,,,,0.12012963207367333,0.6132385089878851,0.29125383643800773
COIN,2025-04-01,160.5500030517578,crypto_proxy,,,,,,,,,,,,,0.4128812484238038,-0.09123136938763939,,,,40874416607.24686,,,,,1.216131927934418,1.3669883636885496,0.06795392995783511
HOOD,2025-04-01,34.5099983215332,fintech,,,,,,,,,,,,,1.1439708286181316,0.15337406056718678,,,,30526674345.620594,,,,,1.7354391804469067,3.3080268154107584,0.9965228883505153
MSTR,2025-04-01,306.0199890136719,crypto_proxy,,,,,,,,,,,,,0.24442036807964795,0.09985894361378556,,,,81455638379.86655,,,,,0.21985491534767365,0.07313249358300133,-0.5957126800132793
MARA,2025-04-01,11.84000015258789,crypto_proxy,,,,,,,,,,,,,0.7078628849845908,0.5952224004465332,,,,4099948184.3580437,,,,,0.32601348031516353,0.7103040320125267,-0.2432432497740662
GOOG,2025-04-01,158.3326416015625,mega_tech,,,,,,,,,,,,,0.06538128462899727,-0.000358528488345232,,,,1924533258666.9922,,,,,0.11482025517689598,0.5587120613448404,0.9195662347414655
META,2025-04-01,584.1775512695312,mega_tech,,,,,,,,,,,,,0.2676283177231677,0.014091378224511779,,,,1473879961853.0273,,,,,0.22828213702302702,0.21861821418813698,-0.015624639215811253
NVDA,2025-04-01,110.12405395507812,growth,,,,,,,,,,,,,0.12583357494926065,0.0005167859978066741,,,,2695506468658.4473,,,,,0.3918352133616181,0.6801023681289828,0.6172670702457639
AAPL,2025-04-01,222.22146606445312,mega_tech,,,,,,,,,,,,,1.4699383196598599,0.021092605131144155,,,,3319836481298.676,,,,,-0.06764401374229534,0.15196835157687993,0.14075388165459612
MSFT,2025-04-01,379.2863464355469,mega_tech,,,,,,,,,,,,,0.18815996719386377,0.01125652943059041,,,,2819607961379.911,,,,,0.2898121286998263,0.37576826725445756,-0.01844605785674891
AMZN,2025-04-01,192.1699981689453,mega_tech,,,,,,,,,,,,,0.435630519147211,0.03134861413050184,,,,2138467739624.0234,,,,,0.14721345066596125,0.1540823275874732,0.11240051157478859
PYPL,2025-04-01,65.74848175048828,fintech,,,,,,,,,,,,,0.5636911227411869,0.045206893985391274,,,,87774223136.90186,,,,,0.139031665329316,0.12874433511627403,-0.3175507975657318
SHOP,2025-04-01,97.63999938964844,growth,,,,,,,,,,,,,0.10297710614424034,-0.001350212050143082,,,,126646773728.52592,,,,,0.1539328028804794,0.6517820543574828,0.19889387843445827
PLTR,2025-04-01,74.01000213623047,growth,,,,,,,,,,,,,0.04509384411028077,-0.004288099392737799,,,,174638675882.43436,,,,,0.815430303096528,1.3384678060898874,1.005945175364221
ORCL,2025-04-01,140.02708435058594,enterprise,,,,,,,,,,,,,5.754692169754931,0.20094476527421007,,,,392495917434.6924,,,,,0.5481649134258455,1.0139998463519206,0.018886509099289794
TSLA,2025-07-01,300.7099914550781,growth,,,,,,,,,,,,,0.16987867656569314,-0.0025301988660996247,,,,969489012451.1719,,,,,0.4402248300505447,0.43979250360145183,0.299657538590971
COIN,2025-07-01,355.79998779296875,crypto_proxy,,,,,,,,,,,,,0.3645767232754265,-0.034304166660521704,,,,91238858269.71436,,,,,0.06807195630033624,-0.33521639433858597,-0.46247890230034616
HOOD,2025-07-01,94.4000015258789,fintech,,,,,,,,,,,,,1.5659068384539148,0.10111185044324304,,,,83847738547.31244,,,,,0.5748940229433024,0.2204448858286181,-0.21970336364966947
MSTR,2025-07-01,373.29998779296875,crypto_proxy,,,,,,,,,,,,,0.16306711614518404,0.07783762288783296,,,,104881838590.6297,,,,,-0.1202785838862277,-0.576828271132136,-0.525395113950008
MARA,2025-07-01,15.699999809265137,crypto_proxy,,,,,,,,,,,,,0.5520662702411882,0.45895259963553786,,,,5525265576.475109,,,,,0.2898089328669764,-0.3433120672057336,-0.2700636829699824
CRCL,2025-07-01,188.77000427246094,crypto_proxy,,,,,,,,,,,,,0.0869484159773514,-0.02068799793419096,,,,44082516002.80646,,,,,-0.22773748222792056,-0.5578216913094582,-0.4718440711356857
GOOG,2025-07-01,176.51243591308594,mega_tech,,,,,,,,,,,,,0.06220172161051042,0.0007198667462575015,,,,2136506524291.9922,,,,,0.39817343119363136,0.7807728425484306,1.1710651673823098
META,2025-07-01,717.5348510742188,mega_tech,,,,,,,,,,,,,0.25406264417901264,0.020802432893522776,,,,1805317685302.7344,,,,,-0.00786783634117838,-0.08010757997705187,-0.15161612818410475
NVDA,2025-07-01,153.2745361328125,growth,,,,,,,,,,,,,0.1226697517980034,-0.0013239730493146435,,,,3737991496550.369,,,,,0.20711299153807872,0.22153280238924844,0.2947355898456945
AAPL,2025-07-01,207.18951416015625,mega_tech,,,,,,,,,,,,,1.5448579674920249,0.021255900761261177,,,,3078157013192.505,,,,,0.2355456162196765,0.2650964342411595,0.35262636787385104
MSFT,2025-07-01,489.2081298828125,mega_tech,,,,,,,,,,,,,0.17639506345366093,0.008344032028725364,,,,3636850852864.675,,,,,0.06664237111902338,-0.024095697841572283,-0.15333580530757485
AMZN,2025-07-01,220.4600067138672,mega_tech,,,,,,,,,,,,,0.4012852969814995,0.030929024620058674,,,,2463640575027.466,,,,,0.0059874445488106165,0.09285124439137782,0.21754515673273112
PYPL,2025-07-01,74.88960266113281,fintech,,,,,,,,,,,,,0.5591802386020494,0.04598697370480497,,,,100202288360.5957,,,,,-0.009031645498694507,-0.20376846615654354,-0.3264752804879415
SHOP,2025-07-01,112.66999816894531,growth,,,,,,,,,,,,,0.09394589244473771,-0.0027527357958273568,,,,146399810912.0658,,,,,0.4314369521641628,0.4950741074447913,0.1331321580169722
PLTR,2025-07-01,134.36000061035156,growth,,,,,,,,,,,,,0.040110637705031676,-0.0021706164129570815,,,,318681364367.6605,,,,,0.2881066279995599,0.2493301566524333,0.07226858194222952
ORCL,2025-07-01,216.78501892089844,enterprise,,,,,,,,,,,,,5.090411226834874,0.1533535179005543,,,,608515548110.9619,,,,,0.3008949039513211,-0.11171613199849117,-0.20737141945333015
TSLA,2025-10-01,433.0899963378906,growth,,,,,,,,,,,,,0.17241465549581092,-0.0031265821596594278,,,,1439591147827.1484,,,,,-0.00030017983308727736,-0.19958900730176876,-0.0976009359973612
COIN,2025-10-01,380.0199890136719,crypto_proxy,0.7447132908132906,,0.10265057979768474,0.20084821881039672,0.17049065478485445,,,,31.733238882287726,13.31168858440716,,25.277111362889563,0.46005947367396227,-0.01277491641295977,7671833000.0,3218236000.0,,102125051767.57812,83.47470313506612,79.12296509229641,41.60226997952514,85.47424109522198,-0.37758537546090165,-0.5488131896459304,-0.4967369992921097
HOOD,2025-10-01,148.6699981689453,fintech,,,,,,,,,,,,,1.828644799813237,0.08483962416450531,,,,133605023733.02908,,,,,-0.22506221494971335,-0.5365574603183727,-0.5045402262102421
MSTR,2025-10-01,328.3999938964844,crypto_proxy,0.7012203595386384,-79.07459226600301,0.10754949011966171,0.13623696096883656,0.1654864906017058,,,-0.39831630191439726,11.908332789743941,198.52210890177687,,9.33249671791517,0.14147423661298145,0.08662725933740476,474942000.0,7917690000.0,-37555845000.0,94286487446.02771,48.47077344098184,50.0,63.298569102729886,55.77029634699473,-0.5189707546995352,-0.6232643010958729,-0.46050547666943187
MARA,2025-10-01,20.25,crypto_proxy,0.5697458476260726,-1.4395113868662375,0.10124110478569821,0.17965056948597377,0.13805732382753946,,,-0.1725859803077656,8.27310666932485,8.34083616930654,,8.62766531819334,0.706133140609685,0.36731455562826304,919173000.0,926698000.0,-1323160000.0,7666671404.25,51.61372147766778,50.0,61.64495776125134,46.11427851370337,-0.4908641768090519,-0.5575308623137297,-0.43407407219027294
CRCL,2025-10-01,145.77999877929688,crypto_proxy,0.052796755255564674,0.1439851196856094,-0.002602401364670805,-0.06609046370986414,-0.07291462434396129,,,0.009959788477447088,,14.456644336538757,100.4037387203952,,0.04931407349977972,-0.034411748930946146,2411777000.0,-199815000.0,347260000.0,34866202308.04443,18.931499701487972,21.16455051457506,,35.8151150051165,-0.4274248736476377,-0.3808478330907432,-0.3160927576959124
GOOG,2025-10-01,246.7949981689453,mega_tech,,,,,,,,,,,,,0.058350802730654204,-0.00017312280567902342,,,,2980543192886.3525,,,,,0.2736423127624241,0.23150791114382208,0.552786742291945
META,2025-10-01,711.889404296875,mega_tech,,,,,,,,,,,,,0.2631063658755269,0.022773003144063456,,,,1794800612876.344,,,,,-0.07281262142481615,-0.19222004945987503,-0.1448882488728176
NVDA,2025-10-01,185.01968383789062,growth,,,,,,,,,,,,,0.10584134783433702,-0.00023109329198577443,,,,4504674242401.123,,,,,0.011945700984293373,-0.03739968413543415,0.07258856372340827
AAPL,2025-10-01,255.99209594726562,mega_tech,0.4690516410716045,0.23732882225869315,0.3117962593356549,1.5191298333175105,0.7717965079180927,,,0.026116138620561776,33.76339426277923,9.08743921552933,38.290499775976805,28.895609104651644,1.3380304612588665,0.016585322655314996,416161000000.0,112010000000.0,98767000000.0,3781837791373.9014,85.76162697716616,60.069419151506956,61.53577805285555,80.23822632782256,0.023917221374551767,-0.009735050365691778,0.09476036345173533
MSFT,2025-10-01,521.8101196289062,mega_tech,,,,,,,,,,,,,0.16678601725258624,0.008174729803709212,,,,3878660305764.874,,,,,-0.08506887727083401,-0.2865412253605163,-0.2062342378128269
AMZN,2025-10-01,221.77999877929688,mega_tech,,,,,,,,,,,,,0.3663626697977172,0.027571069042693106,,,,2484379546325.6836,,,,,0.08634680314675891,-0.036116848006690794,0.21029856120998103
PYPL,2025-10-01,74.21322631835938,fintech,0.4675917473069198,0.16934453167792587,0.06161576922594955,0.24343994454896525,0.20658321153968354,,,0.05591844404358022,20.23997081409801,3.0284199529219133,17.88318715056962,15.656865040436777,0.5582730963461728,0.022920030703217697,32862000000.0,4917000000.0,5565000000.0,99519936492.91992,71.84226109781677,89.96601835149175,55.720450732824375,81.99413482622721,-0.19651164416430666,-0.39539080622365397,-0.3203368034380848
SHOP,2025-10-01,161.27999877929688,growth,0.487471952131638,0.17791697830964848,0.1184254272225547,0.14235472783950123,0.1233670923234992,,,0.009067491784271086,117.83863362048409,19.621410478504316,110.284081176081,124.07591105180379,0.08912157301574615,-0.006189528022999548,10696000000.0,1781000000.0,1903000000.0,209870606478.08215,62.667520246107635,18.21866813868858,23.24770944273547,56.79936056466039,0.0444568342213163,-0.27418155726312876,-0.20839534266332094
PLTR,2025-10-01,173.07000732421875,growth,0.8080819513967973,0.46039885908264105,0.13499770765446217,0.16620486257629782,0.12447660694358965,,,0.004348788385830675,376.5683582308318,105.86830589014713,229.94910565393883,483.83789978376547,0.03572377454249379,-0.003346902661951438,3896163000.0,1095366000.0,1793789000.0,412480176281.8733,85.13387361958864,7.538655488755512,21.43503712834597,64.82853345642097,-0.030103463878100367,-0.1421967964920039,-0.1675622509547433
ORCL,2025-10-01,282.0145263671875,enterprise,,,,,,,,,,,,,4.364039082553615,0.11852672552126253,,,,801203269409.1797,,,,,-0.3171747653838546,-0.4940980204418285,-0.39070513833273524
TSLA,2026-01-01,432.9599914550781,growth,0.18026511436616155,0.06559313275754795,0.02753145726601164,0.04619111971462313,0.05798298504997109,,,0.0038299716052303872,428.05295939588774,17.12627129349234,261.09854147073924,288.8602079679484,0.17920060386914546,-0.0011046574051098578,94827000000.0,3794000000.0,6220000000.0,1624032927947.998,22.435201072805764,7.733714545798485,10.817791560856232,33.537714900142426,-0.19934866791854333,-0.09732997265922116,-0.09732997265922116
COIN,2026-01-01,236.52999877929688,crypto_proxy,0.7463949897825262,,0.04247553706828753,0.08519719181794595,0.07105026816705082,,,,50.26572369952541,8.821665744559919,,37.26163328708185,0.5294009527982653,-0.054521308861076145,7181325000.0,1260327000.0,,63351248753.05176,64.19953196965767,53.6745124560435,20.787463437182385,68.20211972164188,-0.2751024918667745,-0.19143448616658165,-0.19143448616658165
HOOD,2026-01-01,115.20999908447266,fintech,0.8269617706237424,0.35412474849094566,0.049374623069460104,0.20601750547045952,0.10083790811904074,,,0.015253936465711528,55.14713108100328,23.215302442550676,65.55684837470277,53.10747269605022,1.2719912472647703,0.07092502655932159,4473000000.0,1883000000.0,1584000000.0,103842047825.52917,89.55750060782884,34.1629045450388,23.08289862914719,72.1906206050532,-0.40196161727801927,-0.3606457404092034,-0.3606457404092034
MSTR,2026-01-01,157.97000122070312,crypto_proxy,0.686909748487636,-47.31344228081461,-0.062428365550105044,-0.07539043768846375,-0.09212304296230948,,,-0.458035517790707,,103.2964485134837,,,0.16135992238069524,0.12039035486356513,477233000.0,-3848152000.0,-22579536000.0,49296474013.43536,33.333333333333336,0.0,,31.851052472124064,-0.21681331730920617,0.12154204469124164,0.12154204469124164
MARA,2026-01-01,10.3100004196167,crypto_proxy,0.802621120436383,-1.3337066871864296,-0.17994019129399214,-0.377681955918104,-0.18545362679292457,,,-0.30923017058537283,,4.312990173829812,,,1.0500135379581303,0.7919214548082358,907093000.0,-1311206000.0,-1209796000.0,3912283195.7498055,33.333333333333336,0.0,,16.666666666666668,-0.13094086581229414,0.11154215050682104,0.11154215050682104
CRCL,2026-01-01,83.47000122070312,crypto_proxy,0.08669240476188743,0.17691748688034334,-0.0008830538438104802,-0.020877492658426162,-0.030202771832967535,,,0.02357390935820945,,7.504800506019298,42.41977793351263,,0.011059592524254902,-0.07224688208355431,2746642000.0,-69508000.0,485929000.0,20613000271.453857,24.473743251254117,50.094557386195085,,47.26523884148558,0.08134660136848315,0.194441062539646,0.194441062539646
GOOG,2026-01-01,314.32855224609375,mega_tech,0.596521670055134,0.18187505119936848,0.22202959610671263,0.3182786895115167,0.36443076107884403,,,0.019282538095714608,28.74785155141697,9.432111597372588,51.86039280908991,23.76173236454031,0.054360468616425656,-0.0021407496638351023,402837000000.0,132170000000.0,73266000000.0,3799603539550.7812,86.68176513632618,55.37324474755193,64.02815788931144,79.95285599242867,-0.033081816767861594,0.21917019145200967,0.21917019145200967
META,2026-01-01,660.0548706054688,mega_tech,0.8199935312119025,0.22943796183415022,0.16517631502017643,0.2782966539773433,0.28922428106528525,,,0.027615138802621435,27.61752124229505,8.308412406472144,36.212021498333826,19.721966305001025,0.38618965858508675,0.028762051353468775,200965000000.0,60458000000.0,46109000000.0,1669700099266.6743,89.74829064572151,72.45477997038036,65.10567461186778,85.46009725983612,-0.1287845701896343,-0.07773577284751287,-0.07773577284751287
NVDA,2026-01-01,187.22987365722656,growth,0.7005001549625418,0.4131835718331534,0.6155707796559684,0.8343187801206086,0.9005858801341805,,,0.016991962561068732,45.87413132562039,24.316412559654655,58.85135377423428,39.047144419984306,0.0881519298216103,-0.000220848926256713,187142000000.0,99198000000.0,77324000000.0,4550622079238.892,100.0,41.14532522180667,58.536689130146314,82.343597566542,-0.04876287835575621,0.0599269928022117,0.0599269928022117
AAPL,2026-01-01,262.1147155761719,mega_tech,0.4732528803972297,0.28310189914535017,0.3105139244444327,1.3354915523301962,0.7894280326135009,,,0.03201106641140902,32.71048416116577,8.843875911751887,31.23919669366564,27.629791543557253,1.0262954983558226,0.011730434572868188,435617000000.0,117777000000.0,123324000000.0,3852542693049.6216,91.0809265937739,69.4775556795472,62.06427246502554,85.91451261783638,-0.03286620347596769,0.06918834901719939,0.06918834901719939
MSFT,2026-01-01,477.4203186035156,mega_tech,0.6858632915702252,0.2534334251095913,0.17925994510763532,0.3051154461144867,0.3326398829830406,,,0.021826620528238954,29.738544015056306,11.611207735146307,45.81561303575214,23.997300203935065,0.14737959705788295,0.009392168609726758,305453000000.0,119262000000.0,77412000000.0,3546678236323.645,94.82593612328793,58.701948641629286,63.89045144664538,84.64786590974367,-0.2202049346498417,-0.13243112790891443,-0.13243112790891443
AMZN,2026-01-01,240.92999267578125,mega_tech,0.5028566486824266,0.010733355278941701,0.09494622525493801,0.1889482198679041,0.17655287101189251,,,0.0028400087465351455,34.88475212606973,3.7793388108528045,352.1115916350664,27.872427550653573,0.37217228418863196,0.024424075220202252,716924000000.0,77670000000.0,7695000000.0,2709498697631.836,50.12332216533991,27.941846021912834,41.38472865080944,52.46725188043571,-0.11272979383629267,0.11409962058541367,0.11409962058541367
PYPL,2026-01-01,59.62946319580078,fintech,0.4662064391655613,0.16773182201856987,0.06527135070410238,0.25834320695102686,0.22263003008960752,,,0.06947846404244483,15.303338251855617,2.4141555851911387,14.39294915024451,12.181845993162105,0.49303909952606634,0.02420008326999606,33172000000.0,5233000000.0,5564000000.0,80082369071.96045,73.24202761693081,95.61602668435201,64.46812662396162,84.33781848297116,-0.24751965677523335,-0.15410946328523945,-0.15410946328523945
SHOP,2026-01-01,168.4499969482422,growth,0.48070266528210454,0.17367601246105918,0.08104549344920667,0.09136792102723966,0.137984042163824,,,0.009137568531295801,178.4262189474004,19.006808196975587,109.43830369917782,115.80725492002647,0.01395383359311215,-0.006128135148542176,11556000000.0,1231000000.0,2007000000.0,219642675524.24988,56.1550295699279,18.701580482621974,25.875686225613798,53.68798892975054,-0.305075692019386,-0.24208963798216576,-0.24208963798216576
PLTR,2026-01-01,167.86000061035156,growth,0.8236651721415028,0.4693590314797676,0.18257993580507464,0.21997753431985953,0.18564896228057484,,,0.005233350605093976,247.00143971197372,89.68614314181599,191.0821719123179,283.01752992681674,0.031045035864408873,-0.0029758375128996267,4475446000.0,1625033000.0,2100591000.0,401385490579.4678,91.10861492442884,9.769480048930067,32.11927705928594,68.48515147689344,-0.1155724641126209,-0.14172520671768507,-0.14172520671768507
ORCL,2026-01-01,192.56663513183594,enterprise,0.685431928806726,-0.2160217644263074,0.07524977559224134,0.5150078461487095,0.13748485457148965,,,-0.008132847876693685,105.07043695156706,26.561638395495056,,81.3354300380754,4.1529832059029745,0.06487582808549863,61017000000.0,15425000000.0,-13181000000.0,1620711489977.9219,66.66666666666667,12.294765018539545,27.01239743476146,54.42672971547526,-0.25910474025968366,-0.1076854943567167,-0.1076854943567167
TSLA,2026-04-01,346.6499938964844,growth,0.1906537663850264,0.07151687287365012,0.026870947093039436,0.04591278710352371,0.05775653460792352,,,0.005377704095486507,337.0457605078454,13.298774273146424,185.95296101161412,225.23506355285645,0.18890579675685956,-0.0005477575742974113,97879000000.0,3862000000.0,7000000000.0,1301670727081.2988,23.639615907743007,10.578284841683317,11.106024454525969,34.993293406376495,0.12741962845937427,0.12741962845937427,0.12741962845937427
COIN,2026-04-01,171.4600067138672,crypto_proxy,0.7463949897825262,,0.04247553706828753,0.08519719181794595,0.07105026816705082,,,,36.43749785429919,6.394803515815721,,26.41975153514719,0.5294009527982653,-0.0752124379644797,7181325000.0,1260327000.0,,45923162358.21533,64.19953196965767,75.70093902432522,24.458534531896007,74.8100476921264,0.11542046256395166,0.11542046256395166,0.11542046256395166
HOOD,2026-04-01,68.9000015258789,fintech,0.8226750487752005,0.6444829828744851,0.0417161454897304,0.20356261401437922,0.09402801021756364,,,0.04787905290110176,32.73271486043774,13.460646019997917,20.885960339808406,33.006538683958034,1.4365275244124907,0.13487624219533376,4613000000.0,1897000000.0,2973000000.0,62093960090.25039,89.28473489048658,73.48095683635458,25.770344100041697,81.2916048083363,0.069085660824588,0.069085660824588,0.069085660824588
MSTR,2026-04-01,123.72000122070312,crypto_proxy,0.686909748487636,-47.31344228081461,-0.062428365550105044,-0.07539043768846375,-0.09212304296230948,,,-0.5848356821097044,,80.90040284501568,,,0.16135992238069524,0.1537185929284958,477233000.0,-3848152000.0,-22579536000.0,38608341950.93536,33.333333333333336,0.0,,30.517922949526838,0.43202389606263547,0.43202389606263547,0.43202389606263547
MARA,2026-04-01,8.960000038146973,crypto_proxy,0.802621120436383,-1.3337066871864296,-0.17994019129399214,-0.377681955918104,-0.18545362679292457,,,-0.3558217829151578,,3.748243506228619,,,1.0500135379581303,0.911240010782961,907093000.0,-1311206000.0,-1209796000.0,3400005446.795437,33.333333333333336,0.0,,16.666666666666668,0.27901785595494566,0.27901785595494566,0.27901785595494566
CRCL,2026-04-01,90.26000213623047,crypto_proxy,0.08669240476188743,0.17691748688034334,-0.0008830538438104802,-0.020877492658426162,-0.030202771832967535,,,0.02180051181404354,,8.115290521132442,45.87048269920966,,0.011059592524254902,-0.06681195649213978,2746642000.0,-69508000.0,485929000.0,22289797787.54425,24.473743251254117,46.32608760484253,,46.13469790707982,0.10458668943707572,0.10458668943707572,0.10458668943707572
GOOG,2026-04-01,303.92999267578125,mega_tech,0.603677168466671,0.15249503549120827,0.22759436810201172,0.33464091605987306,0.34376965374277535,,,0.017496394663775502,22.985217912087823,8.715797649840036,57.154632095170896,19.08606115604631,0.18900210132303977,0.014235491854130524,422499000000.0,160208000000.0,64429000000.0,3682415791259.7656,83.61055949902315,58.11989244034863,67.46475244986502,78.67182780745094,0.2608824744371474,0.2608824744371474,0.2608824744371474
META,2026-04-01,575.0499877929688,mega_tech,0.8194052902373443,0.22447223230152305,0.17858823529411766,0.2896696911125611,0.2747435315478892,,,0.033056333005214183,20.67973267001838,6.7905968960959955,30.251389343223995,16.775857096989586,0.35607618156524307,0.04339392994320109,214962000000.0,70587000000.0,48253000000.0,1459720289978.5874,90.46021371267602,80.16313842405343,65.66041291123888,87.543291185826,0.05859491877139167,0.05859491877139167,0.05859491877139167
NVDA,2026-04-01,178.10000610351562,growth,0.7106808435754708,0.44770258129648327,0.5805863551302447,0.7633333969089534,0.8418373105689319,,,0.022334538455000014,36.051059394670006,20.04530257916552,44.77370338387856,30.548360007761282,0.07018748450344262,0.00010049572001246438,215938000000.0,120067000000.0,96676000000.0,4328542548339.8438,100.0,53.46391715092509,60.91166050317087,86.03515531647703,0.11426159543699677,0.11426159543699677,0.11426159543699677
AAPL,2026-04-01,253.5,mega_tech,0.4732528803972297,0.28310189914535017,0.3105139244444327,1.3354915523301962,0.7894280326135009,,,0.033098901647796546,31.635414732927483,8.553211286520039,30.212482898705847,26.732233933508187,1.0262954983558226,0.01212907109133033,435617000000.0,117777000000.0,123324000000.0,3725924241000.0,91.0809265937739,71.82879212339874,62.469340727843495,86.60393809025335,0.10552268244575935,0.10552268244575935,0.10552268244575935
MSFT,2026-04-01,372.2900085449219,mega_tech,0.6830928165442874,0.22909891822429174,0.1803672568666202,0.30218622621975205,0.3337986811843881,,,0.026364562183209008,22.0872906583023,8.689653809999532,37.929702494239685,17.73687273291795,0.137474750643753,0.008988740686194744,318273000000.0,125216000000.0,72916000000.0,2765682187069.981,92.12210202492129,70.68312975954609,68.79324153432631,86.90644031287668,0.11256009513411502,0.11256009513411502,0.11256009513411502
AMZN,2026-04-01,213.77000427246094,mega_tech,0.5060408521546199,-0.0033280558337910756,0.09905632588939921,0.20546531678109314,0.18103503824781145,,,-0.0010261400011307008,26.53172983127016,3.24327658031448,,21.33153675217305,0.47495214000914204,0.044861246845548985,742776000000.0,90798000000.0,-2472000000.0,2409028005219.668,50.94286031760034,46.878947898497266,45.798822340801,57.74066465452739,0.25564863200179944,0.25564863200179944,0.25564863200179944
PYPL,2026-04-01,44.869998931884766,fintech,0.4662064391655613,0.16773182201856987,0.06527135070410238,0.25834320695102686,0.22263003008960752,,,0.0923325966824512,11.515461220241017,1.8166046233426154,10.830411316592603,9.237844729767005,0.49303909952606634,0.03216041918953818,33172000000.0,5233000000.0,5564000000.0,60260408565.52124,73.24202761693081,100.0,73.18845771242766,85.33459704088388,0.1241363901808823,0.1241363901808823,0.1241363901808823
SHOP,2026-04-01,117.05999755859375,growth,0.48070266528210454,0.17367601246105918,0.08104549344920667,0.09136792102723966,0.137984042163824,,,0.013149012671392561,123.99271672761974,13.208293033203521,76.05133746472342,80.25943463750657,0.01395383359311215,-0.008818421054157642,11556000000.0,1231000000.0,2007000000.0,152635034291.6999,56.1550295699279,26.934164198230917,27.150538484183063,56.15776404443322,0.09063728713167607,0.09063728713167607,0.09063728713167607
PLTR,2026-04-01,148.4600067138672,growth,0.8236651721415028,0.4693590314797676,0.18257993580507464,0.21997753431985953,0.18564896228057484,,,0.0059172180791987215,218.45487468509594,79.32089458215907,168.99833445641988,250.21086931478484,0.031045035864408873,-0.003364704729499244,4475446000.0,1625033000.0,2100591000.0,354996380374.1455,91.10861492442884,11.047144901785275,32.27370335822268,68.86845093275,-0.029570249165551066,-0.029570249165551066,-0.029570249165551066
ORCL,2026-04-01,142.6717071533203,enterprise,0.6708491346348924,-0.3860355509777299,0.06609851573968357,0.42109364852578257,0.11729432394630816,,,-0.020594048521857495,74.097699674529,18.745005411054123,,58.54441431475484,3.9775815040914404,0.09546227327026295,64077000000.0,16210000000.0,-24736000000.0,1201123711724.115,66.66666666666667,17.081048836250325,25.242736936468134,54.63915705339792,0.2043733495555624,0.2043733495555624,0.2043733495555624
